﻿Designator,Footprint,Quantity,Value,LCSC Part #
BT1,JST_PH_B2B-PH-K_1x02_P2.00mm_Vertical,1,3.7V,
"C1, C2, C3, C4, C5, C6, C7, C8, C9",0603,9,1u,
D1,0603,1,B1911USD,
J1,PinHeader_1x02_P2.54mm_Vertical,1,2.54mm 01x02 header,
J2,DSUB-15-HD_Socket_Horizontal_P2.29x1.90mm_EdgePinOffset3.03mm_Housed_MountingHolesOffset4.94mm,1,DE15 Socket,
"R1, R2",0603,2,4.7k,
R10,0603,1,4.3k,
"R11, R13, R14, R15, R3, R4, R7, R9",0603,8,10k,
R12,0603,1,7.5k,
R16,0603,1,270,
"R17, R8",0603,2,2.2k,
R5,0603,1,DNP,
R6,0603,1,0,
SW2,SW_Push_PTS815_SJM_250_SMTR_LFS,1,PTS815,
U1,XIAO-ESP32C3-DIP,1,XIAO-ESP32-C3-DIP,
U2,OnSemi_XDFN4-1EP_1.0x1.0mm_EP0.52x0.52mm,1,NCP177AMX330TCG,
U3,SOIC-8_3.9x4.9mm_P1.27mm,1,W25X40CLSN,
"U4, U5, U6, U7",TQFN-20-1EP_5x5mm_P0.65mm_EP3.25x3.25mm,4,MCP96RL00T-E_MX,
