﻿Designator,Footprint,Quantity,Value,LCSC Part #
BT1,JST_PH_B2B-PH-K_1x02_P2.00mm_Vertical,1,3.7V,
"C1, C12, C14, C9",0603,4,100n,
C13,0603,1,10u,
"C2, C3, C4, C5, C6, C7, C8",0603,7,1u,
D2,0603,1,B1911USD,
J1,PinHeader_1x02_P2.54mm_Vertical,1,2.54mm 01x02 header,
J2,DSUB-15-HD_Socket_Horizontal_P2.29x2.54mm_EdgePinOffset8.35mm_Housed_MountingHolesOffset10.89mm,1,DE15 Socket,
J3,PinHeader_1x04_P2.54mm_Vertical,1,Conn_01x04_Pin,
J4,PinHeader_1x02_P2.54mm_Vertical,1,Conn_01x02_Pin,
"R1, R2",0603,2,4.7k,
R10,0603,1,4.3k,
"R11, R13, R14, R15, R16, R18, R19, R3, R4, R7, R9",0603,11,10k,
R12,0603,1,7.5k,
R20,0603,1,270,
R5,0603,1,DNP,
R6,0603,1,0,
R8,0603,1,2.2k,
"SW2, SW3",SW_Push_PTS815_SJM_250_SMTR_LFS,2,PTS815,
TP1,TestPoint_Pad_D1.0mm,1,3V3,
TP2,TestPoint_Pad_D1.0mm,1,GND,
TP3,TestPoint_Pad_D1.0mm,1,I2C_SCL,
TP4,TestPoint_Pad_D1.0mm,1,I2C_SDA,
U2,SSOP5_ROM,1,BU33SD5,
U3,SOIC-8_3.9x4.9mm_P1.27mm,1,W25X40CLSN,
"U4, U5, U6, U7",TQFN-20-1EP_5x5mm_P0.65mm_EP3.25x3.25mm,4,MCP96RL00T-E_MX,
U8,ESP32-C3-WROOM-02,1,ESP32-C3-WROOM-02,
